{"cameraMode":{"drawMode":0,"name":"Shaded","section":"Shading Mode"},"sceneLighting":false,"audioPlay":false,"sceneViewState":{"showFog":true,"showMaterialUpdate":false,"showSkybox":true,"showFlares":true,"showImageEffects":true,"showParticleSystems":true,"showVisualEffectGraphs":true,"m_FxEnabled":true},"in2DMode":false,"pivot":{"x":-4.273495674133301,"y":0.15828567743301392,"z":0.6448103189468384},"rotation":{"x":0.08993492275476456,"y":-0.43010929226875307,"z":0.04310759902000427,"w":0.8972568511962891},"size":2.590703248977661,"orthographic":false}