{"cameraMode":{"drawMode":0,"name":"Shaded","section":"Shading Mode"},"sceneLighting":false,"audioPlay":false,"sceneViewState":{"showFog":true,"showMaterialUpdate":false,"showSkybox":false,"showFlares":true,"showImageEffects":true,"showParticleSystems":true,"showVisualEffectGraphs":true,"m_FxEnabled":true},"in2DMode":false,"pivot":{"x":0.8685009479522705,"y":-0.1960073858499527,"z":-0.03961355239152908},"rotation":{"x":0.1099950522184372,"y":0.05662226304411888,"z":-0.006276623345911503,"w":0.9922990202903748},"size":0.07589507102966309,"orthographic":false}