{"cameraMode":{"drawMode":0,"name":"Shaded","section":"Shading Mode"},"sceneLighting":false,"audioPlay":false,"sceneViewState":{"showFog":true,"showMaterialUpdate":false,"showSkybox":false,"showFlares":true,"showImageEffects":true,"showParticleSystems":true,"showVisualEffectGraphs":true,"m_FxEnabled":true},"in2DMode":false,"pivot":{"x":0.027378840371966363,"y":-0.7284471988677979,"z":-1.9937622547149659},"rotation":{"x":-0.001347401994280517,"y":0.9744406938552856,"z":-0.22456425428390504,"w":-0.005846713669598103},"size":1.1490099430084229,"orthographic":false}