{"cameraMode":{"drawMode":0,"name":"Shaded","section":"Shading Mode"},"sceneLighting":false,"audioPlay":false,"sceneViewState":{"showFog":true,"showMaterialUpdate":false,"showSkybox":true,"showFlares":true,"showImageEffects":true,"showParticleSystems":true},"in2DMode":false,"pivot":{"x":1.4801743030548096,"y":-0.9255108833312988,"z":-1.913914680480957},"rotation":{"x":0.1712898313999176,"y":-0.1179172471165657,"z":0.020653923973441125,"w":0.9779213070869446},"size":3.192906141281128,"orthographic":false}