{"cameraMode":{"drawMode":0,"name":"Shaded","section":"Shading Mode"},"sceneLighting":false,"audioPlay":false,"sceneViewState":{"showFog":true,"showMaterialUpdate":false,"showSkybox":false,"showFlares":true,"showImageEffects":true,"showParticleSystems":true},"in2DMode":false,"pivot":{"x":0.8435649871826172,"y":-3.75,"z":0.5881657600402832},"rotation":{"x":-0.12303070724010468,"y":0.8666703104972839,"z":-0.26269859075546267,"w":-0.40589380264282229},"size":12.89220142364502,"orthographic":false}