{"cameraMode":{"drawMode":0,"name":"Shaded","section":"Shading Mode"},"sceneLighting":false,"audioPlay":false,"sceneViewState":{"showFog":true,"showMaterialUpdate":false,"showSkybox":false,"showFlares":true,"showImageEffects":true,"showParticleSystems":true,"showVisualEffectGraphs":true,"m_FxEnabled":true},"in2DMode":false,"pivot":{"x":0.8492385745048523,"y":-3.738790512084961,"z":0.5900492668151856},"rotation":{"x":0.1099950522184372,"y":0.05662226304411888,"z":-0.006276623345911503,"w":0.9922990202903748},"size":0.05338549613952637,"orthographic":false}